State,Action,Q-value
"(0, 0)",up,-8.62895529905515
"(0, 0)",down,-8.6388194089417
"(0, 0)",left,-8.65659916501207
"(0, 0)",right,-8.629879719536907
"(0, 1)",up,-8.497084298296565
"(0, 1)",down,-8.521766511539404
"(0, 1)",left,-8.499341926718584
"(0, 1)",right,-8.497137701904654
"(0, 2)",up,-8.3628298840509
"(0, 2)",down,-8.36604255647528
"(0, 2)",left,-8.364629455175315
"(0, 2)",right,-8.364344550545223
"(0, 3)",up,-8.227913799470192
"(0, 3)",down,-8.225954887780278
"(0, 3)",left,-8.223518913658673
"(0, 3)",right,-8.229310086220138
"(0, 4)",up,-8.096066799334967
"(0, 4)",down,-8.09318620694992
"(0, 4)",left,-8.09489050511646
"(0, 4)",right,-8.09178889328364
"(0, 5)",up,-7.960674063459086
"(0, 5)",down,-7.9687332346539455
"(0, 5)",left,-7.963235253009402
"(0, 5)",right,-7.964713901673329
"(0, 6)",up,-7.817585962247251
"(0, 6)",down,-7.837760462725489
"(0, 6)",left,-7.832439197076232
"(0, 6)",right,-7.833916562701146
"(0, 7)",up,-7.674357568481176
"(0, 7)",down,-7.702839004772367
"(0, 7)",left,-7.671035052137731
"(0, 7)",right,-7.7116071211321575
"(0, 8)",up,-7.540208008989452
"(0, 8)",down,-7.568823374539609
"(0, 8)",left,-7.539561702247582
"(0, 8)",right,-7.553680832842071
"(0, 9)",up,-7.420207890921709
"(0, 9)",down,-7.399615636799885
"(0, 9)",left,-7.39517358209932
"(0, 9)",right,-7.401145197097429
"(0, 10)",up,-7.282073997514402
"(0, 10)",down,-7.271223954063795
"(0, 10)",left,-7.282662515180684
"(0, 10)",right,-7.293364638990305
"(0, 11)",up,-7.1459846281765085
"(0, 11)",down,-7.160438019651186
"(0, 11)",left,-7.137877839656217
"(0, 11)",right,-7.140963371959724
"(0, 12)",up,-7.0085374757576355
"(0, 12)",down,-7.036150733147791
"(0, 12)",left,-6.9964478238564265
"(0, 12)",right,-6.99959184343413
"(0, 13)",up,-6.872690698633814
"(0, 13)",down,-6.874868210787402
"(0, 13)",left,-6.877363550256422
"(0, 13)",right,-6.875757850729336
"(0, 14)",up,-6.763563817161221
"(0, 14)",down,-6.748178053899941
"(0, 14)",left,-6.7699845980263795
"(0, 14)",right,-6.771424384822999
"(0, 15)",up,-6.674213397845271
"(0, 15)",down,-6.647133972164592
"(0, 15)",left,-6.607726372110331
"(0, 15)",right,-6.611205335128775
"(0, 16)",up,-6.559698450265926
"(0, 16)",down,-6.561143465309769
"(0, 16)",left,-6.5406357846918155
"(0, 16)",right,-6.552479942303376
"(0, 17)",up,-6.465921660566844
"(0, 17)",down,-6.457904598560259
"(0, 17)",left,-6.471540397204254
"(0, 17)",right,-6.438654544639163
"(0, 18)",up,-6.395403644762038
"(0, 18)",down,-6.3725424394322845
"(0, 18)",left,-6.365605189547122
"(0, 18)",right,-6.367249526798493
"(0, 19)",up,-6.365225833443868
"(0, 19)",down,-6.335252914328031
"(0, 19)",left,-6.332577091775612
"(0, 19)",right,-6.3567741335353585
"(1, 0)",up,-8.50237082502207
"(1, 0)",down,-8.501999359624842
"(1, 0)",left,-8.510394759224864
"(1, 0)",right,-8.498863075085033
"(1, 1)",up,-8.393518189697938
"(1, 1)",down,-8.412349165043796
"(1, 1)",left,-8.40406693196895
"(1, 1)",right,-8.395959421742843
"(1, 2)",up,-8.283361183070946
"(1, 2)",down,-8.291920376384892
"(1, 2)",left,-8.283722320884875
"(1, 2)",right,-8.282283547376771
"(1, 3)",up,-8.162490153726397
"(1, 3)",down,-8.183271076214671
"(1, 3)",left,-8.16693033222935
"(1, 3)",right,-8.16277544479305
"(1, 4)",up,-8.035001148883854
"(1, 4)",down,-8.056882735749086
"(1, 4)",left,-8.04620402574479
"(1, 4)",right,-8.037580752919746
"(1, 5)",up,-7.915842629495966
"(1, 5)",down,-7.913646093982022
"(1, 5)",left,-7.922163241164044
"(1, 5)",right,-7.914234229263092
"(1, 6)",up,-7.794378908327358
"(1, 6)",down,-7.793825586274934
"(1, 6)",left,-7.785985501693222
"(1, 6)",right,-7.814475045743889
"(1, 7)",up,-7.671134208821402
"(1, 7)",down,-7.682253609385765
"(1, 7)",left,-7.6713715002151694
"(1, 7)",right,-7.678736236907619
"(1, 8)",up,-7.522743086862803
"(1, 8)",down,-7.542872169648694
"(1, 8)",left,-7.555630616454799
"(1, 8)",right,-7.513253004269922
"(1, 9)",up,-7.386784612085354
"(1, 9)",down,-7.375382104755115
"(1, 9)",left,-7.400466089254385
"(1, 9)",right,-7.3960164534604775
"(1, 10)",up,-7.257239915381973
"(1, 10)",down,-7.270816588642178
"(1, 10)",left,-7.250479475781848
"(1, 10)",right,-7.271089679068576
"(1, 11)",up,-7.118284384104351
"(1, 11)",down,-7.137342678913251
"(1, 11)",left,-7.114096192539526
"(1, 11)",right,-7.131222290412483
"(1, 12)",up,-6.97570224811159
"(1, 12)",down,-6.99489173289299
"(1, 12)",left,-6.987304228566732
"(1, 12)",right,-6.977179872247204
"(1, 13)",up,-6.851614036852181
"(1, 13)",down,-6.8692071223739735
"(1, 13)",left,-6.839187163554536
"(1, 13)",right,-6.836463079969317
"(1, 14)",up,-6.744898207557896
"(1, 14)",down,-6.726624987749422
"(1, 14)",left,-6.760320455818989
"(1, 14)",right,-6.731610469119141
"(1, 15)",up,-6.6013850734119695
"(1, 15)",down,-6.636405929267238
"(1, 15)",left,-6.611090207100705
"(1, 15)",right,-6.605920365185359
"(1, 16)",up,-6.487172453800762
"(1, 16)",down,-6.516975417524707
"(1, 16)",left,-6.5194472853141265
"(1, 16)",right,-6.486423244892562
"(1, 17)",up,-6.395047466075941
"(1, 17)",down,-6.424525820639255
"(1, 17)",left,-6.4132728727457
"(1, 17)",right,-6.381589444122027
"(1, 18)",up,-6.3200156047520455
"(1, 18)",down,-6.342479651215501
"(1, 18)",left,-6.326694333206322
"(1, 18)",right,-6.316476487297391
"(1, 19)",up,-6.285245568860125
"(1, 19)",down,-6.298114560225698
"(1, 19)",left,-6.279740793942763
"(1, 19)",right,-6.29742753228075
"(2, 0)",up,-8.364025312586563
"(2, 0)",down,-8.376184484825648
"(2, 0)",left,-8.382148977467482
"(2, 0)",right,-8.367009816854328
"(2, 1)",up,-8.28495229283725
"(2, 1)",down,-8.295836055135306
"(2, 1)",left,-8.284673800660656
"(2, 1)",right,-8.283866848832563
"(2, 2)",up,-8.18192710328178
"(2, 2)",down,-8.21346245727217
"(2, 2)",left,-8.198549149776268
"(2, 2)",right,-8.177185442806744
"(2, 3)",up,-8.078618438764675
"(2, 3)",down,-8.080504216376003
"(2, 3)",left,-8.084026950678773
"(2, 3)",right,-8.070715668675863
"(2, 4)",up,-7.971379774475343
"(2, 4)",down,-7.964760020769237
"(2, 4)",left,-7.964368723055515
"(2, 4)",right,-7.97109853284941
"(2, 5)",up,-7.858612016137965
"(2, 5)",down,-7.85285267180889
"(2, 5)",left,-7.8517669828676695
"(2, 5)",right,-7.85327769744301
"(2, 6)",up,-7.735135502427172
"(2, 6)",down,-7.752927149267399
"(2, 6)",left,-7.757155532232999
"(2, 6)",right,-7.736735487193335
"(2, 7)",up,-7.617334705980833
"(2, 7)",down,-7.613062599640456
"(2, 7)",left,-7.648071821262096
"(2, 7)",right,-7.6176740341558435
"(2, 8)",up,-7.48105170401814
"(2, 8)",down,-7.5103040771187075
"(2, 8)",left,-7.473024004108658
"(2, 8)",right,-7.486448093236171
"(2, 9)",up,-7.34559375897977
"(2, 9)",down,-7.371123289270826
"(2, 9)",left,-7.3611800906080616
"(2, 9)",right,-7.36120881341291
"(2, 10)",up,-7.225277504589401
"(2, 10)",down,-7.222581997602763
"(2, 10)",left,-7.218754363989989
"(2, 10)",right,-7.220578686081524
"(2, 11)",up,-7.0619048344918784
"(2, 11)",down,-7.114909363343224
"(2, 11)",left,-7.088361356013113
"(2, 11)",right,-7.081284135014302
"(2, 12)",up,-6.934218291362603
"(2, 12)",down,-6.926174136882025
"(2, 12)",left,-6.923291163431787
"(2, 12)",right,-6.938537564435874
"(2, 13)",up,-6.798692007611608
"(2, 13)",down,-6.798295921877899
"(2, 13)",left,-6.797416712496997
"(2, 13)",right,-6.817614290036414
"(2, 14)",up,-6.673432265447271
"(2, 14)",down,-6.6845205763046005
"(2, 14)",left,-6.70332489021797
"(2, 14)",right,-6.67655423638799
"(2, 15)",up,-6.535846621160293
"(2, 15)",down,-6.5813291759913755
"(2, 15)",left,-6.563272435266587
"(2, 15)",right,-6.5558840733314705
"(2, 16)",up,-6.448879578108364
"(2, 16)",down,-6.4475591877770535
"(2, 16)",left,-6.4085115479324966
"(2, 16)",right,-6.40218764683567
"(2, 17)",up,-6.329601145170212
"(2, 17)",down,-6.334299885085348
"(2, 17)",left,-6.346767312554843
"(2, 17)",right,-6.310782367101887
"(2, 18)",up,-6.2349649446556095
"(2, 18)",down,-6.26769290409061
"(2, 18)",left,-6.2369802138384465
"(2, 18)",right,-6.2403084281625585
"(2, 19)",up,-6.201611009534918
"(2, 19)",down,-6.199648377818284
"(2, 19)",left,-6.193656115927983
"(2, 19)",right,-6.203078272070075
"(3, 0)",up,-8.237465624653764
"(3, 0)",down,-8.229100968191858
"(3, 0)",left,-8.235416849734273
"(3, 0)",right,-8.228680084798567
"(3, 1)",up,-8.16745236526751
"(3, 1)",down,-8.171010459313335
"(3, 1)",left,-8.178816686917301
"(3, 1)",right,-8.161606725421416
"(3, 2)",up,-8.082314334654713
"(3, 2)",down,-8.07556399018251
"(3, 2)",left,-8.089752576967758
"(3, 2)",right,-8.07675844936832
"(3, 3)",up,-7.986351649308438
"(3, 3)",down,-7.989682705719498
"(3, 3)",left,-7.979291182932857
"(3, 3)",right,-7.98972344133764
"(3, 4)",up,-7.884814155270632
"(3, 4)",down,-7.8891169828197105
"(3, 4)",left,-7.89962574674823
"(3, 4)",right,-7.888395946029546
"(3, 5)",up,-7.774741173821223
"(3, 5)",down,-7.781907520206717
"(3, 5)",left,-7.781432589291336
"(3, 5)",right,-7.788555905396425
"(3, 6)",up,-7.6555661615934305
"(3, 6)",down,-7.682697522662557
"(3, 6)",left,-7.65931431806398
"(3, 6)",right,-7.662256320082651
"(3, 7)",up,-7.541131712828307
"(3, 7)",down,-7.536573707108055
"(3, 7)",left,-7.568300085395987
"(3, 7)",right,-7.543326204569768
"(3, 8)",up,-7.413926120387995
"(3, 8)",down,-7.410981541585094
"(3, 8)",left,-7.435372583899091
"(3, 8)",right,-7.427909693454994
"(3, 9)",up,-7.281921335896024
"(3, 9)",down,-7.319872780983571
"(3, 9)",left,-7.3121907599602665
"(3, 9)",right,-7.294781432639464
"(3, 10)",up,-7.145875651055509
"(3, 10)",down,-7.208598864357823
"(3, 10)",left,-7.163343636284515
"(3, 10)",right,-7.1285046989366005
"(3, 11)",up,-7.008054133817547
"(3, 11)",down,-7.010146691676711
"(3, 11)",left,-6.9990683063351575
"(3, 11)",right,-7.00473718645419
"(3, 12)",up,-6.856124795443321
"(3, 12)",down,-6.866524596317873
"(3, 12)",left,-6.877774609730723
"(3, 12)",right,-6.87622175442041
"(3, 13)",up,-6.7546961641891174
"(3, 13)",down,-6.726428422025431
"(3, 13)",left,-6.748575636691435
"(3, 13)",right,-6.722782602394686
"(3, 14)",up,-6.603067592236437
"(3, 14)",down,-6.620775115310018
"(3, 14)",left,-6.6233187207679425
"(3, 14)",right,-6.61362394477056
"(3, 15)",up,-6.462602710214676
"(3, 15)",down,-6.472853550819929
"(3, 15)",left,-6.487858044203866
"(3, 15)",right,-6.505141921007083
"(3, 16)",up,-6.321442824013912
"(3, 16)",down,-6.326104626727966
"(3, 16)",left,-6.337676248639648
"(3, 16)",right,-6.306702279114635
"(3, 17)",up,-6.188645914978604
"(3, 17)",down,-6.2132983777678055
"(3, 17)",left,-6.188822737734553
"(3, 17)",right,-6.191794120392
"(3, 18)",up,-6.113607179642518
"(3, 18)",down,-6.105226215544265
"(3, 18)",left,-6.108180752016478
"(3, 18)",right,-6.08923531035076
"(3, 19)",up,-6.051229443640012
"(3, 19)",down,-6.065988259507609
"(3, 19)",left,-6.050815134332102
"(3, 19)",right,-6.056702186017004
"(4, 0)",up,-8.09299227100803
"(4, 0)",down,-8.101973870348292
"(4, 0)",left,-8.100654078307386
"(4, 0)",right,-8.096432218016872
"(4, 1)",up,-8.03555092449266
"(4, 1)",down,-8.056824388912503
"(4, 1)",left,-8.047700407236501
"(4, 1)",right,-8.039162428768488
"(4, 2)",up,-7.960813808821868
"(4, 2)",down,-7.978312349589212
"(4, 2)",left,-7.980036883187792
"(4, 2)",right,-7.960932489803357
"(4, 3)",up,-7.88107892214629
"(4, 3)",down,-7.9052727637472575
"(4, 3)",left,-7.904322696126743
"(4, 3)",right,-7.880791827051646
"(4, 4)",up,-7.79583245498517
"(4, 4)",down,-7.807991067481423
"(4, 4)",left,-7.8033878585329095
"(4, 4)",right,-7.786947629392776
"(4, 5)",up,-7.715223668669101
"(4, 5)",down,-7.698551332401305
"(4, 5)",left,-7.709168687264599
"(4, 5)",right,-9.226870445315802
"(4, 6)",up,-7.569496929269318
"(4, 6)",down,-7.573484627288566
"(4, 6)",left,-7.610629657281782
"(4, 6)",right,-7.5732149700404685
"(4, 7)",up,-7.450943497225503
"(4, 7)",down,-7.475596544702332
"(4, 7)",left,-7.4799131128338585
"(4, 7)",right,-7.45061799448408
"(4, 8)",up,-7.339456688035031
"(4, 8)",down,-7.347653601073691
"(4, 8)",left,-7.33026558308853
"(4, 8)",right,-7.333102550533237
"(4, 9)",up,-7.2215318348749475
"(4, 9)",down,-7.224869382640399
"(4, 9)",left,-7.20905764688327
"(4, 9)",right,-7.217052976381017
"(4, 10)",up,-7.0743416217748205
"(4, 10)",down,-7.06689364551995
"(4, 10)",left,-7.077683799534484
"(4, 10)",right,-9.950745799258486
"(4, 11)",up,-6.92365533872694
"(4, 11)",down,-6.9190328431012755
"(4, 11)",left,-6.907610221830636
"(4, 11)",right,-6.905114153521825
"(4, 12)",up,-6.769288117915839
"(4, 12)",down,-6.790850733582406
"(4, 12)",left,-6.780940286985841
"(4, 12)",right,-6.7855818465678
"(4, 13)",up,-6.641906914866288
"(4, 13)",down,-6.648928255412102
"(4, 13)",left,-6.671009434796565
"(4, 13)",right,-6.635537278193139
"(4, 14)",up,-6.502003556004567
"(4, 14)",down,-6.565626995360584
"(4, 14)",left,-6.522626475640558
"(4, 14)",right,-6.498308428897977
"(4, 15)",up,-6.38657079040525
"(4, 15)",down,-6.392248547748634
"(4, 15)",left,-6.425820906706364
"(4, 15)",right,-7.175619228677156
"(4, 16)",up,-6.164285484931376
"(4, 16)",down,-6.200096165990086
"(4, 16)",left,-6.199534705454419
"(4, 16)",right,-6.155572678435221
"(4, 17)",up,-6.032901000842422
"(4, 17)",down,-6.0226413595142745
"(4, 17)",left,-6.006871695369189
"(4, 17)",right,-6.008124612621975
"(4, 18)",up,-5.8686788699949055
"(4, 18)",down,-5.9129883674690955
"(4, 18)",left,-5.906028975626333
"(4, 18)",right,-5.866528487148143
"(4, 19)",up,-5.818312092749091
"(4, 19)",down,-5.8855415094283545
"(4, 19)",left,-5.8404799447274165
"(4, 19)",right,-5.823376578755926
"(5, 0)",up,-7.958894794434906
"(5, 0)",down,-7.965082767061597
"(5, 0)",left,-7.965656094963252
"(5, 0)",right,-7.960543734502586
"(5, 1)",up,-7.909897568481488
"(5, 1)",down,-7.911365230354674
"(5, 1)",left,-7.921985648815328
"(5, 1)",right,-7.909164806554322
"(5, 2)",up,-7.851053710637328
"(5, 2)",down,-7.841866955471592
"(5, 2)",left,-7.838151868023776
"(5, 2)",right,-7.847787292846136
"(5, 3)",up,-7.777129648355009
"(5, 3)",down,-7.77804417563751
"(5, 3)",left,-7.790664676717267
"(5, 3)",right,-7.783510547354969
"(5, 4)",up,-10.124431014718091
"(5, 4)",down,-7.717057206326362
"(5, 4)",left,-7.702564062135082
"(5, 4)",right,-7.6954435787610835
"(5, 5)",up,-4.434377276942864
"(5, 5)",down,-4.360227779681885
"(5, 5)",left,-4.405874979586007
"(5, 5)",right,-4.553150847274108
"(5, 6)",up,-7.4378758802110605
"(5, 6)",down,-9.922565448110532
"(5, 6)",left,-7.455543832169327
"(5, 6)",right,-7.42205267106037
"(5, 7)",up,-7.333152080104834
"(5, 7)",down,-7.361302625392235
"(5, 7)",left,-7.36942692058105
"(5, 7)",right,-7.334947815172344
"(5, 8)",up,-7.262888498385382
"(5, 8)",down,-7.243727753496839
"(5, 8)",left,-7.214490155890787
"(5, 8)",right,-7.222550713916978
"(5, 9)",up,-8.937667203585143
"(5, 9)",down,-7.169871111949229
"(5, 9)",left,-7.159606943425531
"(5, 9)",right,-7.1601658541102005
"(5, 10)",up,-4.047426300461963
"(5, 10)",down,-3.983687687331192
"(5, 10)",left,-3.780531264774352
"(5, 10)",right,-4.001797847105233
"(5, 11)",up,-6.7439042804857845
"(5, 11)",down,-7.866736759330788
"(5, 11)",left,-6.772690048242255
"(5, 11)",right,-6.74120532501397
"(5, 12)",up,-6.635194927884868
"(5, 12)",down,-6.634086435353679
"(5, 12)",left,-6.649352306503976
"(5, 12)",right,-6.646304470240127
"(5, 13)",up,-6.4945378070737645
"(5, 13)",down,-6.507688208101625
"(5, 13)",left,-6.53559593920612
"(5, 13)",right,-6.487832216412246
"(5, 14)",up,-7.562279234127356
"(5, 14)",down,-6.367580779557155
"(5, 14)",left,-6.397043399980465
"(5, 14)",right,-6.36713904469493
"(5, 15)",up,-2.6939821649815086
"(5, 15)",down,-2.553178135099793
"(5, 15)",left,-2.672859001660938
"(5, 15)",right,-2.753086518438702
"(5, 16)",up,-5.926965362931348
"(5, 16)",down,-6.802752736168171
"(5, 16)",left,-5.923441680446248
"(5, 16)",right,-5.912315432610392
"(5, 17)",up,-5.743571947342394
"(5, 17)",down,-5.846843180914866
"(5, 17)",left,-5.785787560127986
"(5, 17)",right,-5.725555112351243
"(5, 18)",up,-5.522207990404125
"(5, 18)",down,-5.544499165949
"(5, 18)",left,-5.577215729828077
"(5, 18)",right,-5.462093505283727
"(5, 19)",up,-5.561888003271496
"(5, 19)",down,-5.558300666055567
"(5, 19)",left,-5.549162415947658
"(5, 19)",right,-5.541391878197178
"(6, 0)",up,-7.828999574518182
"(6, 0)",down,-7.833730399265952
"(6, 0)",left,-7.851755866967859
"(6, 0)",right,-7.826851465834519
"(6, 1)",up,-7.79138103826957
"(6, 1)",down,-7.793188121214513
"(6, 1)",left,-7.779471788598462
"(6, 1)",right,-7.787867447403239
"(6, 2)",up,-7.73053141007905
"(6, 2)",down,-7.740103998775801
"(6, 2)",left,-7.733545158165046
"(6, 2)",right,-7.72150549779364
"(6, 3)",up,-7.653656291689058
"(6, 3)",down,-7.655525738681531
"(6, 3)",left,-7.690114426878998
"(6, 3)",right,-7.647881299873224
"(6, 4)",up,-7.554290518690221
"(6, 4)",down,-7.553559816542987
"(6, 4)",left,-7.5756670434100295
"(6, 4)",right,-7.560904023818417
"(6, 5)",up,-7.419964028356383
"(6, 5)",down,-7.4351767506377255
"(6, 5)",left,-8.003794671177392
"(6, 5)",right,-7.428695353467605
"(6, 6)",up,-7.316660906139103
"(6, 6)",down,-7.348752450247391
"(6, 6)",left,-7.323245865789685
"(6, 6)",right,-7.328436769739017
"(6, 7)",up,-7.231381218847889
"(6, 7)",down,-7.220604521469804
"(6, 7)",left,-7.227295140622027
"(6, 7)",right,-7.227459120284938
"(6, 8)",up,-7.114129272503556
"(6, 8)",down,-7.123976741077292
"(6, 8)",left,-7.11487346463048
"(6, 8)",right,-7.127778851122722
"(6, 9)",up,-6.993025679536975
"(6, 9)",down,-6.9816718214730304
"(6, 9)",left,-7.01307491304469
"(6, 9)",right,-6.99916478326689
"(6, 10)",up,-6.811364810920253
"(6, 10)",down,-6.820287957448699
"(6, 10)",left,-7.996563310761515
"(6, 10)",right,-6.826953030758062
"(6, 11)",up,-6.662602527156715
"(6, 11)",down,-6.686602841401734
"(6, 11)",left,-6.64661015090974
"(6, 11)",right,-6.654192830482045
"(6, 12)",up,-6.512982696442397
"(6, 12)",down,-6.526697940706611
"(6, 12)",left,-6.505105448893501
"(6, 12)",right,-6.51166384077726
"(6, 13)",up,-6.345996680714915
"(6, 13)",down,-6.355822844956246
"(6, 13)",left,-6.327704942429408
"(6, 13)",right,-6.345757073325962
"(6, 14)",up,-6.143572693768026
"(6, 14)",down,-6.159523857500243
"(6, 14)",left,-6.1678243125194046
"(6, 14)",right,-6.142639907928463
"(6, 15)",up,-5.87705489260522
"(6, 15)",down,-5.876789977581394
"(6, 15)",left,-6.257858723221821
"(6, 15)",right,-5.8953702416555425
"(6, 16)",up,-5.657579163040447
"(6, 16)",down,-5.679850064741329
"(6, 16)",left,-5.715949965286657
"(6, 16)",right,-5.672007588534755
"(6, 17)",up,-5.395580642336709
"(6, 17)",down,-5.426642941848797
"(6, 17)",left,-5.460066699450043
"(6, 17)",right,-5.393408572315693
"(6, 18)",up,-5.093605859031994
"(6, 18)",down,-5.184683053135431
"(6, 18)",left,-5.162594082441713
"(6, 18)",right,-4.931151817812133
"(6, 19)",up,-5.22168072614339
"(6, 19)",down,-5.210083666032242
"(6, 19)",left,-5.206762266467506
"(6, 19)",right,-5.210265341459572
"(7, 0)",up,-7.703769574174468
"(7, 0)",down,-7.698961456942331
"(7, 0)",left,-7.712967481042471
"(7, 0)",right,-7.688745233250317
"(7, 1)",up,-7.663135648872822
"(7, 1)",down,-7.678816641430735
"(7, 1)",left,-7.665796188692732
"(7, 1)",right,-7.6666677147128945
"(7, 2)",up,-7.605878038012668
"(7, 2)",down,-7.622335782496489
"(7, 2)",left,-7.608235402001905
"(7, 2)",right,-7.598955192510096
"(7, 3)",up,-7.5293015354429205
"(7, 3)",down,-7.5447132589456345
"(7, 3)",left,-7.525712337159797
"(7, 3)",right,-7.519036101387201
"(7, 4)",up,-7.437925021618522
"(7, 4)",down,-7.431240500609959
"(7, 4)",left,-7.43679542208791
"(7, 4)",right,-7.439692992638571
"(7, 5)",up,-7.319176815721616
"(7, 5)",down,-7.315901581854187
"(7, 5)",left,-7.3381730225823585
"(7, 5)",right,-7.344311275744824
"(7, 6)",up,-7.227959428110904
"(7, 6)",down,-7.247238137771992
"(7, 6)",left,-7.229879864909378
"(7, 6)",right,-7.213060033089521
"(7, 7)",up,-7.112864490646846
"(7, 7)",down,-7.131268635272758
"(7, 7)",left,-7.136087235760227
"(7, 7)",right,-7.106062618776605
"(7, 8)",up,-6.994802259376119
"(7, 8)",down,-7.004894875140831
"(7, 8)",left,-7.045389363661657
"(7, 8)",right,-6.991769273113851
"(7, 9)",up,-6.873399123345509
"(7, 9)",down,-6.872501808841
"(7, 9)",left,-6.873475008234098
"(7, 9)",right,-6.862632282415495
"(7, 10)",up,-6.69650561271431
"(7, 10)",down,-6.729328470671582
"(7, 10)",left,-6.704203885058696
"(7, 10)",right,-6.726225215418585
"(7, 11)",up,-6.514960955476121
"(7, 11)",down,-6.531163073591445
"(7, 11)",left,-6.557081606449801
"(7, 11)",right,-6.532364325993057
"(7, 12)",up,-6.3167694446670755
"(7, 12)",down,-6.331888509534044
"(7, 12)",left,-6.367970119181333
"(7, 12)",right,-6.369004572647526
"(7, 13)",up,-6.145927660343421
"(7, 13)",down,-6.140729900540863
"(7, 13)",left,-6.219993533211811
"(7, 13)",right,-6.144347194052447
"(7, 14)",up,-5.923564793217012
"(7, 14)",down,-5.969612430588181
"(7, 14)",left,-5.940854231440185
"(7, 14)",right,-5.912264697168388
"(7, 15)",up,-5.664603482915431
"(7, 15)",down,-5.652602349642015
"(7, 15)",left,-5.729816054022269
"(7, 15)",right,-5.667178461554429
"(7, 16)",up,-5.360770455094002
"(7, 16)",down,-5.4019725196896
"(7, 16)",left,-5.395612001001814
"(7, 16)",right,-5.3528617327253425
"(7, 17)",up,-4.935540217669253
"(7, 17)",down,-4.98942257102324
"(7, 17)",left,-5.071909889002741
"(7, 17)",right,-4.971605684614732
"(7, 18)",up,-4.748752015665561
"(7, 18)",down,-4.872892700755048
"(7, 18)",left,-5.010520191912436
"(7, 18)",right,-4.352678464942146
"(7, 19)",up,-4.889571619940387
"(7, 19)",down,-4.8306547973611265
"(7, 19)",left,-4.85268560684454
"(7, 19)",right,-4.8383300353455505
"(8, 0)",up,-7.5664888683935
"(8, 0)",down,-7.565286824939746
"(8, 0)",left,-7.556404163123853
"(8, 0)",right,-7.563213586079514
"(8, 1)",up,-7.526258179114864
"(8, 1)",down,-7.550061073891907
"(8, 1)",left,-7.557251064547321
"(8, 1)",right,-7.52887396113121
"(8, 2)",up,-7.469801252524867
"(8, 2)",down,-7.487222288490615
"(8, 2)",left,-7.4912127068454195
"(8, 2)",right,-7.4781210903436754
"(8, 3)",up,-7.391480263222839
"(8, 3)",down,-7.4511606116568405
"(8, 3)",left,-7.408225347545311
"(8, 3)",right,-7.376585182573346
"(8, 4)",up,-7.323254190362343
"(8, 4)",down,-7.344510866879589
"(8, 4)",left,-7.31741838672153
"(8, 4)",right,-7.319991588239812
"(8, 5)",up,-7.218886518175302
"(8, 5)",down,-7.276260725181849
"(8, 5)",left,-7.205674396849894
"(8, 5)",right,-7.219196239313671
"(8, 6)",up,-7.09914020263706
"(8, 6)",down,-7.116201781295342
"(8, 6)",left,-7.136707979997975
"(8, 6)",right,-7.095772864564733
"(8, 7)",up,-6.981075791700468
"(8, 7)",down,-7.002472893154728
"(8, 7)",left,-6.999002055343145
"(8, 7)",right,-6.9848924706368365
"(8, 8)",up,-6.850819870121375
"(8, 8)",down,-6.858157885344898
"(8, 8)",left,-6.884020244348306
"(8, 8)",right,-6.858893850596307
"(8, 9)",up,-6.728309570512328
"(8, 9)",down,-6.723660135439893
"(8, 9)",left,-6.754114889727131
"(8, 9)",right,-6.715262395612857
"(8, 10)",up,-6.571403683172003
"(8, 10)",down,-6.59052606591914
"(8, 10)",left,-6.580113305877533
"(8, 10)",right,-6.5821933878126035
"(8, 11)",up,-6.3732473467240105
"(8, 11)",down,-6.4071780467574
"(8, 11)",left,-6.432176167812279
"(8, 11)",right,-6.367344729155445
"(8, 12)",up,-6.172056771942971
"(8, 12)",down,-6.183782090576736
"(8, 12)",left,-6.173318534001325
"(8, 12)",right,-6.173776341612193
"(8, 13)",up,-5.938511151919415
"(8, 13)",down,-5.935170532444373
"(8, 13)",left,-5.973098296451805
"(8, 13)",right,-5.928138062558514
"(8, 14)",up,-5.657164492178386
"(8, 14)",down,-5.66469773608311
"(8, 14)",left,-5.701429692064181
"(8, 14)",right,-5.669443113504997
"(8, 15)",up,-5.350757844185216
"(8, 15)",down,-5.351282417884009
"(8, 15)",left,-5.403464666014316
"(8, 15)",right,-5.3501456566587855
"(8, 16)",up,-4.936289676062426
"(8, 16)",down,-5.035882461693953
"(8, 16)",left,-4.970060267944954
"(8, 16)",right,-4.930974322720562
"(8, 17)",up,-4.407022821454644
"(8, 17)",down,-4.697108996053194
"(8, 17)",left,-4.697527730620551
"(8, 17)",right,-4.54459122233036
"(8, 18)",up,-4.431592210884838
"(8, 18)",down,-4.5220404294773235
"(8, 18)",left,-4.384839519816039
"(8, 18)",right,-3.7239545147086663
"(8, 19)",up,-4.462359418019524
"(8, 19)",down,-4.380803669833041
"(8, 19)",left,-4.453360076587384
"(8, 19)",right,-4.398242877341301
"(9, 0)",up,-7.4167605906132055
"(9, 0)",down,-7.4178607041401525
"(9, 0)",left,-7.434897461515971
"(9, 0)",right,-7.423811045720113
"(9, 1)",up,-7.405806516450203
"(9, 1)",down,-7.3907768490869135
"(9, 1)",left,-7.40687059678254
"(9, 1)",right,-7.390405941218594
"(9, 2)",up,-7.354529173089357
"(9, 2)",down,-7.357924350616348
"(9, 2)",left,-7.339862941059716
"(9, 2)",right,-7.343609030095291
"(9, 3)",up,-7.254286087556169
"(9, 3)",down,-7.282700564308774
"(9, 3)",left,-7.259714072498338
"(9, 3)",right,-7.268364621123174
"(9, 4)",up,-7.186762829429138
"(9, 4)",down,-7.186359725002873
"(9, 4)",left,-7.191162836525672
"(9, 4)",right,-7.18524966770153
"(9, 5)",up,-7.087699646300352
"(9, 5)",down,-7.093086708695498
"(9, 5)",left,-7.098867637350931
"(9, 5)",right,-7.091473537516638
"(9, 6)",up,-6.978599132443644
"(9, 6)",down,-6.970661677497671
"(9, 6)",left,-6.970056788409171
"(9, 6)",right,-6.986387773102689
"(9, 7)",up,-6.846662679980735
"(9, 7)",down,-6.886358876970362
"(9, 7)",left,-6.880497148562977
"(9, 7)",right,-6.850401046385794
"(9, 8)",up,-6.7277259889428205
"(9, 8)",down,-6.747051991515515
"(9, 8)",left,-6.729653941469468
"(9, 8)",right,-6.717617258541602
"(9, 9)",up,-6.5789789119605775
"(9, 9)",down,-6.5961024166490505
"(9, 9)",left,-6.604764754209688
"(9, 9)",right,-6.560905643458186
"(9, 10)",up,-6.414805149220443
"(9, 10)",down,-6.420835112819766
"(9, 10)",left,-6.447933366286872
"(9, 10)",right,-7.327920246407227
"(9, 11)",up,-6.178319972886965
"(9, 11)",down,-6.168811032238391
"(9, 11)",left,-6.201009555611218
"(9, 11)",right,-6.161387132828417
"(9, 12)",up,-5.944336989693586
"(9, 12)",down,-5.968145198820808
"(9, 12)",left,-5.996133421351063
"(9, 12)",right,-5.930445957070637
"(9, 13)",up,-5.672250264239
"(9, 13)",down,-5.67683176151134
"(9, 13)",left,-5.759687867381937
"(9, 13)",right,-5.682586141892719
"(9, 14)",up,-5.332974375022456
"(9, 14)",down,-5.4996869229445
"(9, 14)",left,-5.39121107430788
"(9, 14)",right,-5.333181208769039
"(9, 15)",up,-4.915287885988764
"(9, 15)",down,-5.006101974999831
"(9, 15)",left,-5.069475391618912
"(9, 15)",right,-4.914464488306381
"(9, 16)",up,-4.484642631964358
"(9, 16)",down,-4.482541174053588
"(9, 16)",left,-4.499062564737848
"(9, 16)",right,-4.35976390046061
"(9, 17)",up,-4.095344417013128
"(9, 17)",down,-4.1088602742768465
"(9, 17)",left,-4.246264415119209
"(9, 17)",right,-3.9828324368419232
"(9, 18)",up,-4.072598359401301
"(9, 18)",down,-3.914635873155227
"(9, 18)",left,-4.105093122301055
"(9, 18)",right,-3.026458206727287
"(9, 19)",up,-3.9952040363905885
"(9, 19)",down,-3.8661834625400795
"(9, 19)",left,-3.9817249235212335
"(9, 19)",right,-3.960379027386479
"(10, 0)",up,-7.288234688969208
"(10, 0)",down,-7.277382417608399
"(10, 0)",left,-7.284310320414599
"(10, 0)",right,-7.286267341433039
"(10, 1)",up,-7.264647969304515
"(10, 1)",down,-7.275090148460513
"(10, 1)",left,-7.278516632314352
"(10, 1)",right,-7.247654509417835
"(10, 2)",up,-7.210833911392765
"(10, 2)",down,-7.226267370637263
"(10, 2)",left,-7.204769078593627
"(10, 2)",right,-7.216918141220517
"(10, 3)",up,-7.154171409872659
"(10, 3)",down,-7.133612063795963
"(10, 3)",left,-7.12863659113357
"(10, 3)",right,-7.140133256173353
"(10, 4)",up,-7.06228584099936
"(10, 4)",down,-7.050815788972255
"(10, 4)",left,-7.065284461941952
"(10, 4)",right,-7.075452068920085
"(10, 5)",up,-6.970041857587027
"(10, 5)",down,-6.990191696206489
"(10, 5)",left,-6.959234455747524
"(10, 5)",right,-6.9612378516052695
"(10, 6)",up,-6.8539183827601695
"(10, 6)",down,-6.8878317859093094
"(10, 6)",left,-6.840085381164984
"(10, 6)",right,-6.842901087726834
"(10, 7)",up,-6.731151697143169
"(10, 7)",down,-6.730523770334473
"(10, 7)",left,-6.726519650671322
"(10, 7)",right,-6.714572781315443
"(10, 8)",up,-6.572032053429791
"(10, 8)",down,-6.632911471554735
"(10, 8)",left,-6.593480318614955
"(10, 8)",right,-6.564932666376629
"(10, 9)",up,-7.2253708967418975
"(10, 9)",down,-6.448799062897047
"(10, 9)",left,-6.417925808879713
"(10, 9)",right,-6.424397264607139
"(10, 10)",up,-2.634958526939681
"(10, 10)",down,-2.928192291473668
"(10, 10)",left,-2.6263463300665446
"(10, 10)",right,-2.8036221549701508
"(10, 11)",up,-5.876208445949631
"(10, 11)",down,-6.790321651431607
"(10, 11)",left,-5.930944363901807
"(10, 11)",right,-5.866884044588671
"(10, 12)",up,-5.65107769127339
"(10, 12)",down,-5.673987724086005
"(10, 12)",left,-5.7011476429119465
"(10, 12)",right,-5.640974281625926
"(10, 13)",up,-5.3342402395622095
"(10, 13)",down,-5.347349214698838
"(10, 13)",left,-5.395417404520201
"(10, 13)",right,-5.342883899067638
"(10, 14)",up,-4.9136017552055415
"(10, 14)",down,-4.953388931060794
"(10, 14)",left,-4.926938654339656
"(10, 14)",right,-4.914335418070865
"(10, 15)",up,-4.357464149220885
"(10, 15)",down,-4.576515508794879
"(10, 15)",left,-4.537534642888042
"(10, 15)",right,-4.4282354173929335
"(10, 16)",up,-4.004064369908634
"(10, 16)",down,-4.182700679634842
"(10, 16)",left,-4.221526246210443
"(10, 16)",right,-3.723986176639636
"(10, 17)",up,-3.1199888378713867
"(10, 17)",down,-3.880342574180372
"(10, 17)",left,-3.695787885289038
"(10, 17)",right,-3.656650235560245
"(10, 18)",up,-3.591607993372958
"(10, 18)",down,-3.703290416852704
"(10, 18)",left,-3.615856596566386
"(10, 18)",right,-2.2515928871147755
"(10, 19)",up,-3.573883979152816
"(10, 19)",down,-3.3773266342133956
"(10, 19)",left,-3.5173080320478003
"(10, 19)",right,-3.5204840441731133
"(11, 0)",up,-7.169943815763205
"(11, 0)",down,-7.166374231427302
"(11, 0)",left,-7.148884212961197
"(11, 0)",right,-7.15315032025421
"(11, 1)",up,-7.117552052400931
"(11, 1)",down,-7.116901574957919
"(11, 1)",left,-7.136452424155585
"(11, 1)",right,-7.132728509830687
"(11, 2)",up,-7.069694834430158
"(11, 2)",down,-7.096483137846369
"(11, 2)",left,-7.091524166837159
"(11, 2)",right,-7.083475134356253
"(11, 3)",up,-6.994434507789695
"(11, 3)",down,-7.036908436617306
"(11, 3)",left,-7.023568945904843
"(11, 3)",right,-7.010310540095171
"(11, 4)",up,-6.930672983988135
"(11, 4)",down,-6.916983318730402
"(11, 4)",left,-6.929645116203569
"(11, 4)",right,-6.948174342648144
"(11, 5)",up,-6.823112525636585
"(11, 5)",down,-6.848356565740511
"(11, 5)",left,-6.816686590534372
"(11, 5)",right,-6.808284223684063
"(11, 6)",up,-6.718651326311977
"(11, 6)",down,-6.700695201717692
"(11, 6)",left,-6.708102653286773
"(11, 6)",right,-6.7020322220872774
"(11, 7)",up,-6.568083158033567
"(11, 7)",down,-6.634347821716125
"(11, 7)",left,-6.577708978827951
"(11, 7)",right,-6.556844836070162
"(11, 8)",up,-6.384473806605802
"(11, 8)",down,-6.437508543038999
"(11, 8)",left,-6.41900819265857
"(11, 8)",right,-6.38346097388238
"(11, 9)",up,-6.168690984734772
"(11, 9)",down,-6.2118389573413655
"(11, 9)",left,-6.211834216340894
"(11, 9)",right,-6.163830235666504
"(11, 10)",up,-5.89010578564155
"(11, 10)",down,-5.88684468900963
"(11, 10)",left,-7.121047562616398
"(11, 10)",right,-5.889860825622052
"(11, 11)",up,-5.6401871321631525
"(11, 11)",down,-5.631298085540582
"(11, 11)",left,-5.6566074648915325
"(11, 11)",right,-5.639748559128505
"(11, 12)",up,-5.328279067758255
"(11, 12)",down,-5.380482550854712
"(11, 12)",left,-5.381682662696032
"(11, 12)",right,-5.3354196893165735
"(11, 13)",up,-4.92593117134435
"(11, 13)",down,-4.970503566110776
"(11, 13)",left,-4.961623987548181
"(11, 13)",right,-4.9257899783956995
"(11, 14)",up,-4.365620033580616
"(11, 14)",down,-4.721898555552614
"(11, 14)",left,-4.627536579676892
"(11, 14)",right,-4.421988280383427
"(11, 15)",up,-3.7280613475820026
"(11, 15)",down,-4.195218935692244
"(11, 15)",left,-4.182085663644941
"(11, 15)",right,-3.9546290570025535
"(11, 16)",up,-3.5096758281001383
"(11, 16)",down,-3.572063946544896
"(11, 16)",left,-3.730102284043402
"(11, 16)",right,-3.0264326572652887
"(11, 17)",up,-3.2134966634858424
"(11, 17)",down,-3.2768066808954095
"(11, 17)",left,-3.266022663293932
"(11, 17)",right,-2.376652432154782
"(11, 18)",up,-3.1641701260598896
"(11, 18)",down,-3.106747757429275
"(11, 18)",left,-3.0904721853870165
"(11, 18)",right,-1.3906559492444435
"(11, 19)",up,-3.1001732757977307
"(11, 19)",down,-2.8699240427934907
"(11, 19)",left,-3.115484844955697
"(11, 19)",right,-3.085098203839619
"(12, 0)",up,-7.017019605366217
"(12, 0)",down,-7.021329357283115
"(12, 0)",left,-7.035941805495477
"(12, 0)",right,-7.031638432124347
"(12, 1)",up,-7.001603997005453
"(12, 1)",down,-7.002341268172838
"(12, 1)",left,-6.984717344140457
"(12, 1)",right,-7.006563326662445
"(12, 2)",up,-6.959106330218408
"(12, 2)",down,-6.953766936772587
"(12, 2)",left,-6.9434172030174395
"(12, 2)",right,-6.959331755590955
"(12, 3)",up,-6.8845664536728455
"(12, 3)",down,-6.9010692057292555
"(12, 3)",left,-6.900242549831982
"(12, 3)",right,-6.878208937518649
"(12, 4)",up,-6.806779554872524
"(12, 4)",down,-6.813170476342929
"(12, 4)",left,-6.812442789197712
"(12, 4)",right,-6.807622791038178
"(12, 5)",up,-6.694456206382614
"(12, 5)",down,-6.697715119785995
"(12, 5)",left,-6.677010926100348
"(12, 5)",right,-6.685911935711312
"(12, 6)",up,-6.550357929532554
"(12, 6)",down,-6.563865753104746
"(12, 6)",left,-6.545084989814903
"(12, 6)",right,-6.554903814765581
"(12, 7)",up,-6.368073970710743
"(12, 7)",down,-6.40247512593528
"(12, 7)",left,-6.447919191972639
"(12, 7)",right,-6.3795240983312205
"(12, 8)",up,-6.172304822288021
"(12, 8)",down,-6.180843965031773
"(12, 8)",left,-6.226356489639515
"(12, 8)",right,-6.174844979213233
"(12, 9)",up,-5.939032394455401
"(12, 9)",down,-5.941524900845287
"(12, 9)",left,-5.946233268049345
"(12, 9)",right,-5.9488511323897715
"(12, 10)",up,-5.674941828764354
"(12, 10)",down,-5.7067127743464425
"(12, 10)",left,-5.675321655998028
"(12, 10)",right,-5.671355973026099
"(12, 11)",up,-5.349807630792541
"(12, 11)",down,-5.487882716029283
"(12, 11)",left,-5.344398927528121
"(12, 11)",right,-5.3398817666456955
"(12, 12)",up,-4.953519502179773
"(12, 12)",down,-4.968416532792815
"(12, 12)",left,-4.968794347306437
"(12, 12)",right,-4.966294451281388
"(12, 13)",up,-4.392533963903494
"(12, 13)",down,-4.46862615173814
"(12, 13)",left,-4.5502365647562275
"(12, 13)",right,-4.476536954877478
"(12, 14)",up,-3.7405920706143077
"(12, 14)",down,-4.101039415164756
"(12, 14)",left,-4.066628946662065
"(12, 14)",right,-4.022819264127527
"(12, 15)",up,-3.0303631659771573
"(12, 15)",down,-3.711215086607957
"(12, 15)",left,-3.6355837424749318
"(12, 15)",right,-3.5579160081374037
"(12, 16)",up,-2.25159023742889
"(12, 16)",down,-3.372933237107615
"(12, 16)",left,-3.4777193183173587
"(12, 16)",right,-3.1215389399717126
"(12, 17)",up,-1.3906558004637253
"(12, 17)",down,-2.954976946533717
"(12, 17)",left,-3.1646780056782715
"(12, 17)",right,-2.4413702575719567
"(12, 18)",up,-2.620994106909718
"(12, 18)",down,-2.3860968776628315
"(12, 18)",left,-2.4024908639291467
"(12, 18)",right,-0.4340620000000119
"(12, 19)",up,-2.6551497494163643
"(12, 19)",down,-1.5852755240422876
"(12, 19)",left,-2.711335677625084
"(12, 19)",right,-2.630018749946213
"(13, 0)",up,-6.9076754570073
"(13, 0)",down,-6.902168792310427
"(13, 0)",left,-6.909538151824132
"(13, 0)",right,-6.913161484019648
"(13, 1)",up,-6.881417659865534
"(13, 1)",down,-6.893329071827578
"(13, 1)",left,-6.879957957033322
"(13, 1)",right,-6.886266450828481
"(13, 2)",up,-6.8311706318180825
"(13, 2)",down,-6.857187732831648
"(13, 2)",left,-6.826320668214356
"(13, 2)",right,-6.829424114690656
"(13, 3)",up,-6.756789407927796
"(13, 3)",down,-6.76622795589463
"(13, 3)",left,-6.759995714983874
"(13, 3)",right,-6.762281039341868
"(13, 4)",up,-6.655761970511547
"(13, 4)",down,-6.66185888425794
"(13, 4)",left,-6.691120386697294
"(13, 4)",right,-6.672981323762108
"(13, 5)",up,-6.53049553458565
"(13, 5)",down,-6.538347519287731
"(13, 5)",left,-6.5727514464994075
"(13, 5)",right,-6.525112313637754
"(13, 6)",up,-6.3795375970705015
"(13, 6)",down,-6.367456956913886
"(13, 6)",left,-6.388058412703903
"(13, 6)",right,-6.37298704514321
"(13, 7)",up,-6.181645596593021
"(13, 7)",down,-6.1923656084697
"(13, 7)",left,-6.235805025582853
"(13, 7)",right,-6.198802076422407
"(13, 8)",up,-5.946919875062012
"(13, 8)",down,-5.9672663819391465
"(13, 8)",left,-5.985828289983948
"(13, 8)",right,-5.958059779801614
"(13, 9)",up,-5.686679208684658
"(13, 9)",down,-5.700504182884371
"(13, 9)",left,-5.704128540458806
"(13, 9)",right,-5.698420556051394
"(13, 10)",up,-5.357229204593834
"(13, 10)",down,-5.431981414187375
"(13, 10)",left,-5.415600046738029
"(13, 10)",right,-5.357152549837004
"(13, 11)",up,-4.94807583334246
"(13, 11)",down,-5.045475682901781
"(13, 11)",left,-4.992396576738495
"(13, 11)",right,-4.936590099018324
"(13, 12)",up,-4.569254723521839
"(13, 12)",down,-4.623264785970545
"(13, 12)",left,-4.637570496922805
"(13, 12)",right,-4.57093728499837
"(13, 13)",up,-4.105171894400916
"(13, 13)",down,-4.123645251062943
"(13, 13)",left,-4.181249507360125
"(13, 13)",right,-4.0116141681663375
"(13, 14)",up,-3.643185291824399
"(13, 14)",down,-3.7240919026871886
"(13, 14)",left,-3.738738057388615
"(13, 14)",right,-3.4314846445608667
"(13, 15)",up,-3.161917073203667
"(13, 15)",down,-3.288248683431558
"(13, 15)",left,-3.3252364684092677
"(13, 15)",right,-2.7222128742846596
"(13, 16)",up,-2.702832270226121
"(13, 16)",down,-2.8322470313726997
"(13, 16)",left,-2.7935277124245763
"(13, 16)",right,-2.1062406122439716
"(13, 17)",up,-0.6191329657977436
"(13, 17)",down,-2.441111756895678
"(13, 17)",left,-2.369420947320257
"(13, 17)",right,-2.3158132850862594
"(13, 18)",up,-2.0932504258463065
"(13, 18)",down,-1.9855940202280609
"(13, 18)",left,-1.7423708839601477
"(13, 18)",right,0.6288199999999873
"(13, 19)",up,-2.220484556262642
"(13, 19)",down,-0.8425152869919083
"(13, 19)",left,-2.22790371401835
"(13, 19)",right,-2.1705303593979703
"(14, 0)",up,-6.788973239981034
"(14, 0)",down,-6.7679088790618795
"(14, 0)",left,-6.836849616637508
"(14, 0)",right,-6.786638355427256
"(14, 1)",up,-6.751685708707386
"(14, 1)",down,-6.779639001332673
"(14, 1)",left,-6.750876944322182
"(14, 1)",right,-6.75069914625585
"(14, 2)",up,-6.699516054402868
"(14, 2)",down,-6.7070463813011445
"(14, 2)",left,-6.718988532745816
"(14, 2)",right,-6.707325321021592
"(14, 3)",up,-6.630078214671368
"(14, 3)",down,-6.6489474761704805
"(14, 3)",left,-6.663142251317719
"(14, 3)",right,-6.620952204241952
"(14, 4)",up,-6.534367758259861
"(14, 4)",down,-6.558035736880659
"(14, 4)",left,-6.544422848483967
"(14, 4)",right,-6.542654914328333
"(14, 5)",up,-6.40614718841714
"(14, 5)",down,-6.4251874388276455
"(14, 5)",left,-6.414495312351757
"(14, 5)",right,-7.722624994700615
"(14, 6)",up,-6.185645204702848
"(14, 6)",down,-6.191762147745467
"(14, 6)",left,-6.196864737612396
"(14, 6)",right,-6.184311804011775
"(14, 7)",up,-5.982463076829695
"(14, 7)",down,-6.008320789233134
"(14, 7)",left,-6.02388138101894
"(14, 7)",right,-5.968956604587728
"(14, 8)",up,-5.706757987198859
"(14, 8)",down,-5.830642601059555
"(14, 8)",left,-5.709692486196277
"(14, 8)",right,-5.687942742217684
"(14, 9)",up,-5.37122839523043
"(14, 9)",down,-5.451141335864902
"(14, 9)",left,-5.397176782104206
"(14, 9)",right,-5.366603496709796
"(14, 10)",up,-4.924810900292187
"(14, 10)",down,-4.936131064798249
"(14, 10)",left,-5.0463306596218
"(14, 10)",right,-4.922814281377982
"(14, 11)",up,-4.472801254720704
"(14, 11)",down,-4.5290208248896775
"(14, 11)",left,-4.536407139651828
"(14, 11)",right,-4.370923409419879
"(14, 12)",up,-3.9950612750514454
"(14, 12)",down,-4.13674613496149
"(14, 12)",left,-4.178397796016441
"(14, 12)",right,-4.101499476705479
"(14, 13)",up,-3.166957103539624
"(14, 13)",down,-3.672926094132823
"(14, 13)",left,-3.682933015197548
"(14, 13)",right,-3.667460244358307
"(14, 14)",up,-2.305581897408339
"(14, 14)",down,-3.2594275832414827
"(14, 14)",left,-3.3073985739461516
"(14, 14)",right,-3.287288184445055
"(14, 15)",up,-1.4087376837535937
"(14, 15)",down,-3.0139857289626444
"(14, 15)",left,-2.9572529959307525
"(14, 15)",right,-4.171540496793589
"(14, 16)",up,-0.4377330049541328
"(14, 16)",down,-2.5065996202268277
"(14, 16)",left,-2.534389736928926
"(14, 16)",right,-2.317244758251059
"(14, 17)",up,0.6286627083682309
"(14, 17)",down,-1.9685283444082562
"(14, 17)",left,-1.9340364913707528
"(14, 17)",right,-1.6970253152584782
"(14, 18)",up,-1.4472338893299261
"(14, 18)",down,-0.6213447079871837
"(14, 18)",left,-0.9962981974066746
"(14, 18)",right,1.8097999999999863
"(14, 19)",up,-1.7383137616441333
"(14, 19)",down,0.12692489436349286
"(14, 19)",left,-1.75464635802364
"(14, 19)",right,-1.7004546068541806
"(15, 0)",up,-6.66018294914398
"(15, 0)",down,-6.645063172420724
"(15, 0)",left,-6.682664472306661
"(15, 0)",right,-6.694650289661581
"(15, 1)",up,-6.636581693605269
"(15, 1)",down,-6.652651228698482
"(15, 1)",left,-6.625885390999701
"(15, 1)",right,-6.636411780318934
"(15, 2)",up,-6.587154238478911
"(15, 2)",down,-6.584549035155877
"(15, 2)",left,-6.591362005954583
"(15, 2)",right,-6.597680457240571
"(15, 3)",up,-6.495260159835943
"(15, 3)",down,-6.5331325572525705
"(15, 3)",left,-6.511610017414514
"(15, 3)",right,-6.49358129630683
"(15, 4)",up,-7.777083226831428
"(15, 4)",down,-6.390686670594714
"(15, 4)",left,-6.426097974882513
"(15, 4)",right,-6.408197238833162
"(15, 5)",up,-3.044811846695313
"(15, 5)",down,-2.957673713639298
"(15, 5)",left,-3.119304013772318
"(15, 5)",right,-3.1686644941192337
"(15, 6)",up,-5.931539500540087
"(15, 6)",down,-8.223640059900488
"(15, 6)",left,-5.9519563261880215
"(15, 6)",right,-5.917825501338092
"(15, 7)",up,-5.703930691198986
"(15, 7)",down,-5.75670863015083
"(15, 7)",left,-5.790961128365489
"(15, 7)",right,-5.695708612335822
"(15, 8)",up,-5.366052466601559
"(15, 8)",down,-5.427964808098479
"(15, 8)",left,-5.397940855880763
"(15, 8)",right,-5.37072572980463
"(15, 9)",up,-4.92547019816477
"(15, 9)",down,-4.975785141104929
"(15, 9)",left,-5.153904636285381
"(15, 9)",right,-4.929280217955356
"(15, 10)",up,-4.476909217675538
"(15, 10)",down,-4.646290867327547
"(15, 10)",left,-4.510906766907433
"(15, 10)",right,-4.354403702517695
"(15, 11)",up,-4.124203705302622
"(15, 11)",down,-4.289641301158271
"(15, 11)",left,-4.1817085633754045
"(15, 11)",right,-3.730358654085729
"(15, 12)",up,-3.7386741511671917
"(15, 12)",down,-3.7914739059089437
"(15, 12)",left,-3.737068259564565
"(15, 12)",right,-3.6597916518111884
"(15, 13)",up,-3.2805183986257553
"(15, 13)",down,-3.324855981413068
"(15, 13)",left,-3.4072645754221256
"(15, 13)",right,-3.234522064950816
"(15, 14)",up,-3.487659789749249
"(15, 14)",down,-2.966613619294878
"(15, 14)",left,-3.0033194707359874
"(15, 14)",right,-2.8568163391710852
"(15, 15)",up,-0.6052921057359553
"(15, 15)",down,-0.598158340954059
"(15, 15)",left,-0.9184976482498319
"(15, 15)",right,-0.5261314187892034
"(15, 16)",up,-1.2587306941077183
"(15, 16)",down,-2.758267193306762
"(15, 16)",left,-1.8049307180201863
"(15, 16)",right,-1.7638792082878065
"(15, 17)",up,1.4183866504294085
"(15, 17)",down,-1.6432348296779424
"(15, 17)",left,-1.2641549297821588
"(15, 17)",right,-1.123103738727798
"(15, 18)",up,-0.6421736722174457
"(15, 18)",down,-0.3087058396444698
"(15, 18)",left,0.15978763030155047
"(15, 18)",right,3.1219999999999857
"(15, 19)",up,-1.0535465588059143
"(15, 19)",down,1.1210051717818386
"(15, 19)",left,-1.1960802730246782
"(15, 19)",right,-1.0441426361751038
"(16, 0)",up,-6.597084206555661
"(16, 0)",down,-6.5930571601466585
"(16, 0)",left,-6.588087614154957
"(16, 0)",right,-6.567895657921673
"(16, 1)",up,-6.5403181714548815
"(16, 1)",down,-6.544468539232335
"(16, 1)",left,-6.547323366890571
"(16, 1)",right,-6.540770328693252
"(16, 2)",up,-6.468201620370142
"(16, 2)",down,-6.471827209731557
"(16, 2)",left,-6.479240336842917
"(16, 2)",right,-6.479393494508286
"(16, 3)",up,-6.367268276373715
"(16, 3)",down,-6.389652622025479
"(16, 3)",left,-6.406981581048191
"(16, 3)",right,-6.352071313428403
"(16, 4)",up,-6.204866136916082
"(16, 4)",down,-6.281132148019753
"(16, 4)",left,-6.2200989646162625
"(16, 4)",right,-6.195866084685597
"(16, 5)",up,-5.947613031508097
"(16, 5)",down,-5.985408739969637
"(16, 5)",left,-6.1693390232745315
"(16, 5)",right,-5.956143930533586
"(16, 6)",up,-5.714997449368735
"(16, 6)",down,-5.731249956945073
"(16, 6)",left,-5.75034593905517
"(16, 6)",right,-5.704180179607645
"(16, 7)",up,-5.399906223975278
"(16, 7)",down,-5.448830608319999
"(16, 7)",left,-5.4838361492963115
"(16, 7)",right,-5.3999673690872685
"(16, 8)",up,-4.937915027584605
"(16, 8)",down,-5.235119304361032
"(16, 8)",left,-4.970379666518359
"(16, 8)",right,-4.969186849187118
"(16, 9)",up,-4.3595370966818665
"(16, 9)",down,-4.626585386762339
"(16, 9)",left,-4.569579737404899
"(16, 9)",right,-4.513268487551223
"(16, 10)",up,-3.7238714272040068
"(16, 10)",down,-4.218969974067226
"(16, 10)",left,-4.399852882273294
"(16, 10)",right,-4.011386178068671
"(16, 11)",up,-3.6515626113252972
"(16, 11)",down,-3.9303266626047466
"(16, 11)",left,-3.8902578429826526
"(16, 11)",right,-3.026432035287852
"(16, 12)",up,-3.2408054678145994
"(16, 12)",down,-3.3848563832119853
"(16, 12)",left,-3.3821868014073355
"(16, 12)",right,-2.6866883386449496
"(16, 13)",up,-2.786250889403621
"(16, 13)",down,-2.8733649623243767
"(16, 13)",left,-3.043221537810584
"(16, 13)",right,-2.2775611252916836
"(16, 14)",up,-1.8822755968485538
"(16, 14)",down,-2.3059298570723885
"(16, 14)",left,-2.402223349266141
"(16, 14)",right,-2.316497361233717
"(16, 15)",up,-1.7244510665970747
"(16, 15)",down,-1.8084070128039136
"(16, 15)",left,-2.755599666434655
"(16, 15)",right,-0.26121142782170365
"(16, 16)",up,-0.9536030101343733
"(16, 16)",down,-1.328418788127292
"(16, 16)",left,-1.5636673252626887
"(16, 16)",right,-1.2710575591800157
"(16, 17)",up,2.785067430609422
"(16, 17)",down,-0.9196543943631913
"(16, 17)",left,-0.9441872190961337
"(16, 17)",right,-0.5955500782743353
"(16, 18)",up,0.5738948218774554
"(16, 18)",down,0.75390528282372
"(16, 18)",left,1.5728459654864615
"(16, 18)",right,4.579999999999986
"(16, 19)",up,-0.48873910190492303
"(16, 19)",down,-0.22721590114847
"(16, 19)",left,-0.6565654427861833
"(16, 19)",right,3.811546272075743
"(17, 0)",up,-6.496607078528485
"(17, 0)",down,-6.491953765848185
"(17, 0)",left,-6.509991466910306
"(17, 0)",right,-6.467856384510402
"(17, 1)",up,-6.447815209634604
"(17, 1)",down,-6.471580430573263
"(17, 1)",left,-6.449702384663012
"(17, 1)",right,-6.4625701052943425
"(17, 2)",up,-6.3698840612765295
"(17, 2)",down,-6.383266067801344
"(17, 2)",left,-6.353843679133855
"(17, 2)",right,-6.349820653339325
"(17, 3)",up,-6.218311091181638
"(17, 3)",down,-6.215013808391585
"(17, 3)",left,-6.260073172127676
"(17, 3)",right,-6.262002143959926
"(17, 4)",up,-6.032992420679478
"(17, 4)",down,-6.059835646598524
"(17, 4)",left,-6.084017071775559
"(17, 4)",right,-6.048164091565798
"(17, 5)",up,-5.785909046566719
"(17, 5)",down,-5.821204782834445
"(17, 5)",left,-5.780422000213536
"(17, 5)",right,-5.784029667068807
"(17, 6)",up,-5.44189318865692
"(17, 6)",down,-5.47912136169377
"(17, 6)",left,-5.481107351384045
"(17, 6)",right,-5.441173505230175
"(17, 7)",up,-5.041674594510236
"(17, 7)",down,-5.057303384708072
"(17, 7)",left,-5.102446881674399
"(17, 7)",right,-4.965069230715212
"(17, 8)",up,-4.574427436792065
"(17, 8)",down,-4.64759164037114
"(17, 8)",left,-4.751696381401327
"(17, 8)",right,-4.611060053822763
"(17, 9)",up,-3.874813838984458
"(17, 9)",down,-4.232439692650933
"(17, 9)",left,-4.214201801541363
"(17, 9)",right,-4.1633227041268706
"(17, 10)",up,-3.0500575357523187
"(17, 10)",down,-3.9118216936304893
"(17, 10)",left,-3.8491810198026646
"(17, 10)",right,-3.7578915978216227
"(17, 11)",up,-2.9537614657729847
"(17, 11)",down,-3.616372892770282
"(17, 11)",left,-3.566073733226655
"(17, 11)",right,-2.251590245740813
"(17, 12)",up,-2.873454571678814
"(17, 12)",down,-2.9125612065790913
"(17, 12)",left,-2.96348968072483
"(17, 12)",right,-1.4342567364411982
"(17, 13)",up,-2.3302209101872475
"(17, 13)",down,-2.582406484218973
"(17, 13)",left,-2.553311914931996
"(17, 13)",right,-0.5602861902471021
"(17, 14)",up,-0.3103657897896299
"(17, 14)",down,-1.9339810530343602
"(17, 14)",left,-2.043503794609423
"(17, 14)",right,-1.7696238409593692
"(17, 15)",up,-1.390832986650836
"(17, 15)",down,-1.5864956535991368
"(17, 15)",left,-1.5235828336229602
"(17, 15)",right,1.7438142939412986
"(17, 16)",up,0.6163770306068952
"(17, 16)",down,-0.9383025947702869
"(17, 16)",left,-0.9406621260779612
"(17, 16)",right,-0.8968266745407514
"(17, 17)",up,-0.5460304944193618
"(17, 17)",down,-0.6401224713551373
"(17, 17)",left,-0.4189573860885876
"(17, 17)",right,4.23201173797583
"(17, 18)",up,3.4530835281975176
"(17, 18)",down,1.0897059201058632
"(17, 18)",left,2.1897429060179983
"(17, 18)",right,6.199999999999989
"(17, 19)",up,-0.199
"(17, 19)",down,0.19798098732304625
"(17, 19)",left,-0.007788492551161846
"(17, 19)",right,7.4735126769787135
"(18, 0)",up,-6.406211080181073
"(18, 0)",down,-6.405351846824258
"(18, 0)",left,-6.412316658179851
"(18, 0)",right,-6.417496463554131
"(18, 1)",up,-6.377513081851227
"(18, 1)",down,-6.384097145630578
"(18, 1)",left,-6.406667496464776
"(18, 1)",right,-6.35660064352108
"(18, 2)",up,-6.281931289845997
"(18, 2)",down,-6.299929843069473
"(18, 2)",left,-6.284937775685133
"(18, 2)",right,-6.281713831079643
"(18, 3)",up,-6.131295648922474
"(18, 3)",down,-6.174235902891482
"(18, 3)",left,-6.146758159149623
"(18, 3)",right,-6.140338556199062
"(18, 4)",up,-5.896441579128873
"(18, 4)",down,-5.901923320273741
"(18, 4)",left,-5.959084383497019
"(18, 4)",right,-5.915756621894987
"(18, 5)",up,-5.497233441863078
"(18, 5)",down,-5.564931325561348
"(18, 5)",left,-5.625768283607327
"(18, 5)",right,-5.575430745640243
"(18, 6)",up,-4.948279372872009
"(18, 6)",down,-5.276453005666077
"(18, 6)",left,-5.2348001703261
"(18, 6)",right,-5.167621742961977
"(18, 7)",up,-4.357390210223546
"(18, 7)",down,-4.9230861300775155
"(18, 7)",left,-5.047075942290467
"(18, 7)",right,-4.899538776267249
"(18, 8)",up,-3.725544595207899
"(18, 8)",down,-4.637417815608111
"(18, 8)",left,-4.42641925082037
"(18, 8)",right,-4.57065978005309
"(18, 9)",up,-3.0268348791941455
"(18, 9)",down,-4.181221651780962
"(18, 9)",left,-4.059464685009473
"(18, 9)",right,-4.123868832694836
"(18, 10)",up,-2.251626252031784
"(18, 10)",down,-3.561178993841736
"(18, 10)",left,-3.729698297367371
"(18, 10)",right,-3.834945302315177
"(18, 11)",up,-1.3906558000104356
"(18, 11)",down,-3.1728331397025324
"(18, 11)",left,-3.1584730762035274
"(18, 11)",right,-3.319054184974503
"(18, 12)",up,-0.4340620000017702
"(18, 12)",down,-2.3295286275407943
"(18, 12)",left,-2.473463329486423
"(18, 12)",right,-2.8393797781828605
"(18, 13)",up,0.628819999999683
"(18, 13)",down,-1.6411052017099794
"(18, 13)",left,-1.7760200219481612
"(18, 13)",right,-2.3950024263058127
"(18, 14)",up,1.8097999999999563
"(18, 14)",down,-0.8657824410012217
"(18, 14)",left,-1.732124764168762
"(18, 14)",right,-1.2619099350924705
"(18, 15)",up,3.1219999999999852
"(18, 15)",down,-0.04467628944832955
"(18, 15)",left,-0.3804256777392361
"(18, 15)",right,0.655308562403199
"(18, 16)",up,4.579999999999986
"(18, 16)",down,1.1466279186325024
"(18, 16)",left,-0.7417537872741019
"(18, 16)",right,1.3448602640931444
"(18, 17)",up,6.199999999999989
"(18, 17)",down,2.410756679721094
"(18, 17)",left,0.860514840480947
"(18, 17)",right,4.901416128207593
"(18, 18)",up,6.1143132291767515
"(18, 18)",down,4.268091847484055
"(18, 18)",left,3.917914116975793
"(18, 18)",right,7.999999999999991
"(18, 19)",up,-0.1
"(18, 19)",down,1.0969999999999986
"(18, 19)",left,0.14296162363044845
"(18, 19)",right,9.958254420820706
"(19, 0)",up,-6.377883605960971
"(19, 0)",down,-6.348799532553956
"(19, 0)",left,-6.375088576417244
"(19, 0)",right,-6.35971793286858
"(19, 1)",up,-6.326580428491017
"(19, 1)",down,-6.322966624846647
"(19, 1)",left,-6.34586092640344
"(19, 1)",right,-6.321962134050704
"(19, 2)",up,-6.22778838947378
"(19, 2)",down,-6.255540309429017
"(19, 2)",left,-6.257182232640464
"(19, 2)",right,-6.251612727000736
"(19, 3)",up,-6.087541797789406
"(19, 3)",down,-6.117774074730304
"(19, 3)",left,-6.079194460194696
"(19, 3)",right,-6.09696367765421
"(19, 4)",up,-5.866950664003508
"(19, 4)",down,-5.900649272027887
"(19, 4)",left,-5.898431097207696
"(19, 4)",right,-5.865866096456437
"(19, 5)",up,-5.590081841809205
"(19, 5)",down,-5.57920980024121
"(19, 5)",left,-5.615576847112913
"(19, 5)",right,-5.607451114926244
"(19, 6)",up,-5.275333968271616
"(19, 6)",down,-5.266146951777474
"(19, 6)",left,-5.277196185441683
"(19, 6)",right,-5.285151139023823
"(19, 7)",up,-4.89714890364667
"(19, 7)",down,-4.9582949854565
"(19, 7)",left,-4.891165745180322
"(19, 7)",right,-4.892909109575403
"(19, 8)",up,-4.469440430190436
"(19, 8)",down,-4.525808076467155
"(19, 8)",left,-4.408003685532195
"(19, 8)",right,-4.506018976404126
"(19, 9)",up,-4.051990356585071
"(19, 9)",down,-4.193995513832093
"(19, 9)",left,-3.9875898947705544
"(19, 9)",right,-4.125554608735699
"(19, 10)",up,-3.627216151608128
"(19, 10)",down,-3.752152813593888
"(19, 10)",left,-3.3706278559383773
"(19, 10)",right,-3.6294087977477325
"(19, 11)",up,-3.159666807479503
"(19, 11)",down,-3.2156148847217687
"(19, 11)",left,-2.6517452876811474
"(19, 11)",right,-3.171609151139669
"(19, 12)",up,-2.669407172668075
"(19, 12)",down,-2.940209369916614
"(19, 12)",left,-2.0100205690043844
"(19, 12)",right,-2.6712947752279796
"(19, 13)",up,-1.189956123864583
"(19, 13)",down,-2.1212807707693577
"(19, 13)",left,-1.9613976667016322
"(19, 13)",right,-2.1794269637936754
"(19, 14)",up,1.3624697384691675
"(19, 14)",down,-1.592074501231915
"(19, 14)",left,-1.5265884097509586
"(19, 14)",right,-1.4844029886465
"(19, 15)",up,4.081196740557915
"(19, 15)",down,-0.9538149716373286
"(19, 15)",left,-0.7349689426679161
"(19, 15)",right,-0.8578948076998201
"(19, 16)",up,6.109420425196256
"(19, 16)",down,-0.25224425391228833
"(19, 16)",left,0.15858662996937778
"(19, 16)",right,-0.29012181015781413
"(19, 17)",up,7.999586426925827
"(19, 17)",down,0.9719434170733608
"(19, 17)",left,0.2124516464933373
"(19, 17)",right,1.6027174920373994
"(19, 18)",up,9.999999999999993
"(19, 18)",down,5.891882118442056
"(19, 18)",left,5.6504950423696325
"(19, 18)",right,7.640475577442633
"(19, 19)",up,0
"(19, 19)",down,0
"(19, 19)",left,0
"(19, 19)",right,0
